CREATE DATABASE  IF NOT EXISTS `healthcaredb` /*!40100 DEFAULT CHARACTER SET utf8mb4 COLLATE utf8mb4_0900_ai_ci */ /*!80016 DEFAULT ENCRYPTION='N' */;
USE `healthcaredb`;
-- MySQL dump 10.13  Distrib 8.0.34, for Win64 (x86_64)
--
-- Host: localhost    Database: healthcaredb
-- ------------------------------------------------------
-- Server version	8.0.34

/*!40101 SET @OLD_CHARACTER_SET_CLIENT=@@CHARACTER_SET_CLIENT */;
/*!40101 SET @OLD_CHARACTER_SET_RESULTS=@@CHARACTER_SET_RESULTS */;
/*!40101 SET @OLD_COLLATION_CONNECTION=@@COLLATION_CONNECTION */;
/*!50503 SET NAMES utf8 */;
/*!40103 SET @OLD_TIME_ZONE=@@TIME_ZONE */;
/*!40103 SET TIME_ZONE='+00:00' */;
/*!40014 SET @OLD_UNIQUE_CHECKS=@@UNIQUE_CHECKS, UNIQUE_CHECKS=0 */;
/*!40014 SET @OLD_FOREIGN_KEY_CHECKS=@@FOREIGN_KEY_CHECKS, FOREIGN_KEY_CHECKS=0 */;
/*!40101 SET @OLD_SQL_MODE=@@SQL_MODE, SQL_MODE='NO_AUTO_VALUE_ON_ZERO' */;
/*!40111 SET @OLD_SQL_NOTES=@@SQL_NOTES, SQL_NOTES=0 */;

--
-- Table structure for table `allergies`
--

DROP TABLE IF EXISTS `allergies`;
/*!40101 SET @saved_cs_client     = @@character_set_client */;
/*!50503 SET character_set_client = utf8mb4 */;
CREATE TABLE `allergies` (
  `PatientID` int NOT NULL AUTO_INCREMENT,
  `HasAllergies` enum('Yes','No') DEFAULT NULL,
  `AllergiesList` text,
  `HasDrugAllergies` enum('Yes','No') DEFAULT NULL,
  `DrugAllergiesList` text,
  PRIMARY KEY (`PatientID`),
  CONSTRAINT `allergies_ibfk_1` FOREIGN KEY (`PatientID`) REFERENCES `patients` (`PatientID`)
) ENGINE=InnoDB AUTO_INCREMENT=101 DEFAULT CHARSET=utf8mb4 COLLATE=utf8mb4_0900_ai_ci;
/*!40101 SET character_set_client = @saved_cs_client */;

--
-- Dumping data for table `allergies`
--

LOCK TABLES `allergies` WRITE;
/*!40000 ALTER TABLE `allergies` DISABLE KEYS */;
INSERT INTO `allergies` VALUES (1,'Yes','Pollen, Dust','Yes','Penicillin'),(2,'No','','No',''),(3,'Yes','Dogs, Cats, Bulldozers','No',''),(4,'Yes','Backhoes','No',''),(5,'Yes','Poor Journalism','No',''),(6,'Yes','Pollen, Dust','Yes','Azithromycin'),(7,'No','','Yes','Amoxicillin'),(8,'No','','No',''),(9,'No','','No',''),(10,'Yes','Pollen','Yes','Pennicillin'),(11,'Yes','Cat hair, Dust','Yes','Aspirin, Codeine'),(12,'No','None','Yes','Penicillin, Sulfa drugs'),(13,'Yes','Pollen','Yes','Amoxicillin, Sulfa drugs'),(14,'Yes','Dust mites','Yes','Ibuprofen, Penicillin'),(15,'Yes','Peanuts, Cats','Yes','Aspirin'),(16,'No','None','Yes','Penicillin'),(17,'Yes','Pollen','Yes','Amoxicillin, Sulfa drugs'),(18,'Yes','Dust','No','None'),(19,'No','None','Yes','Penicillin, Sulfa drugs'),(20,'Yes','Peanuts','Yes','Penicillin, Sulfa drugs'),(21,'Yes','Peanuts','Yes','Amoxicillin, Sulfa drugs'),(22,'Yes','Pollen','Yes','Penicillin, Sulfa drugs'),(23,'No','None','No','None'),(24,'No','None','Yes','Penicillin, Sulfa drugs'),(25,'Yes','Peanuts','Yes','Amoxicillin, Sulfa drugs'),(26,'Yes','Dust','No','None'),(27,'No','None','Yes','Penicillin, Sulfa drugs'),(28,'Yes','Pollen','No','None'),(29,'No','None','Yes','Amoxicillin, Sulfa drugs'),(30,'No','None','Yes','Ibuprofen, Penicillin'),(31,'Yes','Pollen','Yes','Amoxicillin, Codeine'),(32,'No','None','Yes','Penicillin, Sulfa drugs'),(33,'Yes','Pollen','No','None'),(34,'No','None','Yes','Aspirin, Codeine'),(35,'Yes','Shellfish','Yes','Amoxicillin'),(36,'Yes','Pollen','Yes','Ibuprofen, Penicillin'),(37,'No','None','Yes','Erythromycin'),(38,'Yes','Tree nuts','Yes','Penicillin'),(39,'No',NULL,'No',NULL),(40,'Yes','Peanuts','No','None'),(41,'Yes','Pollen','No','No'),(42,'Yes','Pollen','No','No'),(43,'Yes','Pollen, Dust','Yes','Penicillin'),(44,'Yes','Dust','Yes','Amoxicillin'),(45,'Yes','Pollen','No','No'),(46,'Yes','Pollen, Dust','No',''),(47,'Yes','Dust, Pollen','Yes','Penicillin'),(48,'Yes','Pollen','Yes','Penicillin'),(49,'Yes','Pollen','No',''),(50,'Yes','Pollen, Dust','Yes','Penicillin'),(51,'Yes','Pollen, Dust','Yes','Penicillin'),(52,'Yes','Shellfish','Yes','Amoxicillin'),(53,'No','No','Yes','Penicillin'),(54,'Yes','Pollen','No','No'),(55,'Yes','Pollen','No',''),(56,'No','No','Yes','Erythromycin'),(57,'Yes','Dust, Pollen','Yes','Penicillin'),(58,'Yes','Peanuts, Shellfish','Yes','Amoxicillin'),(59,'No','No','No','No'),(60,'Yes','Pollen, Dust','No','No'),(61,'No','No','No','No'),(62,'Yes','Dust, Pollen','No','No'),(63,'Yes','Dust','Yes','Penicillin'),(64,'Yes','Dust','Yes','Amoxicillin'),(65,'Yes','Pollen','No','No'),(66,'Yes','Dust','Yes','Penicillin'),(67,'Yes','Pollen, Dust','No','No'),(68,'Yes','Pollen','Yes','Penicillin'),(69,'Yes','Dust','No','No'),(70,'Yes','Pollen','Yes','Amoxicillin'),(71,'No','','Yes','Flurbiprofen'),(72,'No','','Yes','Aspirin'),(73,'No','','Yes','Penicillin'),(74,'Yes','Peaches, Dust, Pollen','Yes','Aspirin'),(75,'No','No','No','No'),(76,'No','No','No','No'),(77,'No','No','No','No'),(78,'No','No','No','No'),(79,'Yes','Cats, Prawns, Crabs','No',''),(80,'Yes','Eggs, Wheat','No',''),(81,'Yes','Grass, Dust','Yes','Aspirin'),(82,'Yes','Pollen','Yes','Penicillin'),(83,'No','','Yes','Acetylsaclicylic Acid'),(84,'Yes','Pollen, Dust','Yes','Tegretol'),(85,'Yes','Wheat','No',''),(86,'Yes','Soybean, Crustacean shellfish','Yes','Penicillin'),(87,'Yes','Pollen','No',''),(88,'No','No','No','No'),(89,'Yes','Pollen, Peanuts','Yes','Amoxicillin'),(90,'No','No','No','No'),(91,'Yes','Milk, Eggs, Peanuts','No','No'),(92,'Yes','Pollen, Dust , Peanuts, Eggs','Yes','Penicillin'),(93,'Yes','Pollen, Grass','Yes','Penicillin'),(94,'No','No','No','No'),(95,'No','No','No','No'),(96,'No','No','No','No'),(97,'No','No','No','No'),(98,'No','No','No','No'),(99,'No','No','No','No'),(100,'Yes','Pollen, Dust','No','');
/*!40000 ALTER TABLE `allergies` ENABLE KEYS */;
UNLOCK TABLES;

--
-- Table structure for table `dentalhistory`
--

DROP TABLE IF EXISTS `dentalhistory`;
/*!40101 SET @saved_cs_client     = @@character_set_client */;
/*!50503 SET character_set_client = utf8mb4 */;
CREATE TABLE `dentalhistory` (
  `PatientID` int NOT NULL AUTO_INCREMENT,
  `SilverMercuryFilling` enum('Yes','No') DEFAULT NULL,
  `GoldFillings` enum('Yes','No') DEFAULT NULL,
  `RootCanals` enum('Yes','No') DEFAULT NULL,
  `Implants` enum('Yes','No') DEFAULT NULL,
  `ToothPain` enum('Yes','No') DEFAULT NULL,
  `BleedingGums` enum('Yes','No') DEFAULT NULL,
  `Gingivitis` enum('Yes','No') DEFAULT NULL,
  `FlossRegularly` enum('Yes','No') DEFAULT NULL,
  PRIMARY KEY (`PatientID`),
  CONSTRAINT `dentalhistory_ibfk_1` FOREIGN KEY (`PatientID`) REFERENCES `patients` (`PatientID`)
) ENGINE=InnoDB AUTO_INCREMENT=101 DEFAULT CHARSET=utf8mb4 COLLATE=utf8mb4_0900_ai_ci;
/*!40101 SET character_set_client = @saved_cs_client */;

--
-- Dumping data for table `dentalhistory`
--

LOCK TABLES `dentalhistory` WRITE;
/*!40000 ALTER TABLE `dentalhistory` DISABLE KEYS */;
INSERT INTO `dentalhistory` VALUES (1,'No','Yes','Yes','No','Yes','No','No','No'),(2,'No','No','No','No','No','No','No','No'),(3,'No','No','No','No','No','No','No','No'),(4,'No','No','Yes','No','No','No','No','Yes'),(5,'Yes','No','No','No','No','No','No','Yes'),(6,'Yes','Yes','No','No','No','No','Yes','No'),(7,'No','No','No','No','Yes','Yes','Yes','No'),(8,'No','No','No','No','No','No','No','No'),(9,'No','Yes','No','No','No','No','Yes','Yes'),(10,'No','No','No','No','Yes','No','No','Yes'),(11,'No','Yes','No','Yes','Yes','No','Yes','Yes'),(12,'Yes','No','Yes','No','No','Yes','No','No'),(13,'Yes','Yes','Yes','No','No','Yes','No','Yes'),(14,'Yes','No','Yes','Yes','No','Yes','Yes','Yes'),(15,'Yes','No','Yes','No','Yes','No','No','Yes'),(16,'No','Yes','No','Yes','Yes','No','Yes','Yes'),(17,'Yes','Yes','Yes','No','No','Yes','No','Yes'),(18,'Yes','Yes','No','No','Yes','Yes','No','Yes'),(19,'No','No','No','Yes','Yes','No','Yes','No'),(20,'Yes','No','Yes','No','No','Yes','No','Yes'),(21,'Yes','Yes','Yes','No','Yes','Yes','No','Yes'),(22,'No','Yes','Yes','No','No','Yes','No','Yes'),(23,'No','No','No','No','Yes','No','Yes','Yes'),(24,'Yes','No','Yes','No','Yes','Yes','No','Yes'),(25,'Yes','No','Yes','Yes','Yes','No','Yes','Yes'),(26,'No','Yes','No','Yes','Yes','Yes','No','Yes'),(27,'No','No','No','No','Yes','No','Yes','Yes'),(28,'Yes','No','Yes','No','Yes','No','No','Yes'),(29,'No','Yes','Yes','No','No','Yes','No','Yes'),(30,'Yes','No','Yes','No','Yes','No','Yes','Yes'),(31,'No','No','Yes','No','No','Yes','No','No'),(32,'Yes','No','Yes','No','No','Yes','No','Yes'),(33,'No','Yes','Yes','No','Yes','Yes','No','Yes'),(34,'Yes','Yes','Yes','No','No','Yes','No','Yes'),(35,'No','Yes','No','No','Yes','Yes','No','Yes'),(36,'Yes','Yes','Yes','No','No','Yes','No','Yes'),(37,'No','Yes','Yes','No','Yes','No','Yes','Yes'),(38,'Yes','No','No','No','Yes','Yes','No','Yes'),(39,'No','No','No','No','Yes','No','Yes','No'),(40,'Yes','Yes','Yes','Yes','No','Yes','No','Yes'),(41,'No','Yes','Yes','No','No','Yes','No','Yes'),(42,'No','Yes','No','Yes','Yes','No','Yes','No'),(43,'Yes','No','Yes','Yes','No','Yes','No','No'),(44,'No','Yes','Yes','No','No','No','Yes','Yes'),(45,'Yes','Yes','No','No','Yes','No','Yes','Yes'),(46,'No','No','Yes','Yes','No','Yes','No','Yes'),(47,'No','Yes','No','Yes','No','No','Yes','No'),(48,'Yes','Yes','Yes','No','No','Yes','No','Yes'),(49,'Yes','No','Yes','No','Yes','No','No','Yes'),(50,'No','Yes','Yes','No','Yes','No','No','No'),(51,'No','Yes','Yes','No','Yes','No','No','No'),(52,'No','Yes','Yes','No','No','Yes','No','No'),(53,'No','No','Yes','No','Yes','No','Yes','Yes'),(54,'Yes','Yes','Yes','No','No','Yes','No','Yes'),(55,'No','Yes','Yes','No','Yes','No','No','Yes'),(56,'Yes','Yes','No','No','No','Yes','No','Yes'),(57,'Yes','No','No','Yes','No','Yes','Yes','No'),(58,'Yes','No','Yes','No','No','Yes','No','Yes'),(59,'No','No','No','No','No','No','No','No'),(60,'No','No','Yes','No','Yes','No','No','Yes'),(61,'No','No','Yes','No','Yes','No','No','No'),(62,'Yes','No','Yes','No','No','No','Yes','No'),(63,'Yes','Yes','No','Yes','Yes','Yes','Yes','Yes'),(64,'No','Yes','No','Yes','Yes','Yes','Yes','No'),(65,'No','Yes','Yes','Yes','Yes','No','No','Yes'),(66,'Yes','No','Yes','Yes','No','No','No','Yes'),(67,'Yes','Yes','No','Yes','Yes','No','No','Yes'),(68,'Yes','No','Yes','No','No','Yes','No','No'),(69,'Yes','No','No','Yes','No','Yes','Yes','Yes'),(70,'No','Yes','Yes','No','Yes','No','No','Yes'),(71,'Yes','Yes','Yes','No','No','No','No','No'),(72,'No','No','No','No','No','No','No','Yes'),(73,'No','No','No','Yes','No','No','No','Yes'),(74,'No','No','No','No','No','No','No','Yes'),(75,'No','No','Yes','No','Yes','Yes','Yes','No'),(76,'No','No','Yes','No','Yes','Yes','No','Yes'),(77,'Yes','Yes','Yes','No','Yes','No','No','No'),(78,'No','No','Yes','Yes','No','No','No','No'),(79,'No','No','Yes','Yes','No','No','No','No'),(80,'No','No','No','No','No','No','No','Yes'),(81,'Yes','No','Yes','No','Yes','No','Yes','Yes'),(82,'No','Yes','Yes','Yes','No','No','No','Yes'),(83,'No','No','No','No','No','No','No','No'),(84,'No','No','No','Yes','Yes','Yes','Yes','No'),(85,'No','No','Yes','Yes','No','No','No','No'),(86,'No','Yes','Yes','Yes','Yes','No','No','Yes'),(87,'Yes','No','No','No','No','Yes','No','No'),(88,'Yes','Yes','Yes','No','Yes','Yes','Yes','No'),(89,'Yes','Yes','Yes','No','Yes','Yes','No','No'),(90,'No','No','No','No','No','No','No','No'),(91,'No','No','No','No','Yes','No','No','No'),(92,'No','No','No','No','Yes','No','No','No'),(93,'No','No','Yes','No','Yes','No','No','No'),(94,'Yes','Yes','Yes','No','Yes','No','No','No'),(95,'No','No','Yes','No','Yes','Yes','No','Yes'),(96,'No','No','Yes','No','Yes','Yes','No','No'),(97,'Yes','No','No','No','No','No','No','No'),(98,'Yes','No','Yes','Yes','No','No','No','No'),(99,'No','No','Yes','No','No','No','No','Yes'),(100,'No','No','Yes','Yes','Yes','No','No','Yes');
/*!40000 ALTER TABLE `dentalhistory` ENABLE KEYS */;
UNLOCK TABLES;

--
-- Table structure for table `invoices`
--

DROP TABLE IF EXISTS `invoices`;
/*!40101 SET @saved_cs_client     = @@character_set_client */;
/*!50503 SET character_set_client = utf8mb4 */;
CREATE TABLE `invoices` (
  `InvoiceID` int NOT NULL AUTO_INCREMENT,
  `PatientID` int DEFAULT NULL,
  `InvoiceDate` date DEFAULT NULL,
  `TotalAmount` decimal(10,2) DEFAULT NULL,
  PRIMARY KEY (`InvoiceID`),
  KEY `PatientID` (`PatientID`),
  CONSTRAINT `invoices_ibfk_1` FOREIGN KEY (`PatientID`) REFERENCES `patients` (`PatientID`)
) ENGINE=InnoDB AUTO_INCREMENT=101 DEFAULT CHARSET=utf8mb4 COLLATE=utf8mb4_0900_ai_ci;
/*!40101 SET character_set_client = @saved_cs_client */;

--
-- Dumping data for table `invoices`
--

LOCK TABLES `invoices` WRITE;
/*!40000 ALTER TABLE `invoices` DISABLE KEYS */;
INSERT INTO `invoices` VALUES (1,36,'2023-11-01',100.50),(2,9,'2010-03-15',75.20),(3,26,'2012-08-22',120.75),(4,63,'2014-05-10',50.00),(5,35,'2016-11-05',90.30),(6,15,'2018-07-18',200.00),(7,35,'2019-12-03',80.60),(8,70,'2021-04-29',150.25),(9,53,'2022-09-14',110.45),(10,52,'2011-06-07',65.75),(11,51,'2020-11-11',320.00),(12,50,'2022-08-08',20340.56),(13,49,'2022-01-01',806.76),(14,48,'2021-04-14',50200.01),(15,66,'2022-06-15',105.55),(16,70,'2020-03-30',20.70),(17,55,'2022-07-14',751.86),(18,34,'2020-05-21',5700.89),(19,21,'2023-03-12',808.08),(20,26,'2023-09-13',32067.56),(21,20,'2021-07-17',233.50),(22,29,'2022-09-25',102.03),(23,64,'2021-09-19',87.33),(24,25,'2022-12-21',6800.01),(25,70,'2021-01-23',20045.54),(26,26,'2020-04-27',345.84),(27,17,'2021-07-18',113.34),(28,2,'2022-10-03',713.69),(29,3,'2019-12-13',4502.47),(30,5,'2018-11-15',400.20),(31,6,'2019-09-26',191.23),(32,7,'2020-01-22',222.30),(33,66,'2022-12-22',1203.76),(34,47,'2023-04-28',435.00),(35,48,'2019-11-18',899.59),(36,41,'2020-01-29',655.89),(37,40,'2022-07-11',2280.67),(38,27,'2021-06-23',109.01),(39,17,'2019-10-24',98.50),(40,2,'2018-09-05',100.03),(41,29,'2023-11-01',550.50),(42,49,'2020-03-29',100.50),(43,49,'2020-02-19',100.50),(44,39,'2023-04-30',900.50),(45,36,'2023-11-01',360.50),(46,36,'2023-04-01',555.50),(47,37,'2023-01-01',100.50),(48,35,'2023-06-21',905.50),(49,26,'2023-11-30',100.50),(50,26,'2023-04-25',950.50),(51,5,'2023-05-11',975.50),(52,50,'2023-03-13',800.50),(53,58,'2023-07-21',250.50),(54,44,'2023-09-17',673.50),(55,49,'2023-05-19',777.20),(56,19,'2023-08-26',690.50),(57,18,'2023-02-26',340.26),(58,17,'2023-04-07',600.50),(59,16,'2023-10-11',685.50),(60,15,'2023-12-13',960.50),(61,14,'2023-10-19',100.50),(62,13,'2023-12-12',789.90),(63,12,'2023-01-09',893.26),(64,11,'2023-10-21',996.50),(65,10,'2023-06-14',869.43),(66,60,'2023-04-04',239.30),(67,44,'2023-03-23',889.79),(68,44,'2023-11-01',950.50),(69,44,'2023-05-01',100.50),(70,29,'2023-08-04',900.00),(71,47,'2023-11-11',320.52),(72,26,'2022-05-08',10330.86),(73,99,'2021-01-01',806.76),(74,94,'2020-04-14',50200.01),(75,93,'2022-07-15',105.55),(76,83,'2020-03-27',18.70),(77,75,'2022-07-14',51.86),(78,94,'2020-05-21',5900.89),(79,97,'2023-03-12',808.08),(80,92,'2029-09-13',32067.00),(81,93,'2021-07-17',233.49),(82,83,'2012-09-25',100.03),(83,82,'2021-09-19',7.33),(84,88,'2020-12-21',680.01),(85,77,'2021-01-23',21045.88),(86,73,'2017-04-27',345.99),(87,72,'2017-07-18',115.00),(88,92,'2023-10-03',723.79),(89,96,'2019-12-13',23502.47),(90,66,'2018-11-15',400.99),(91,90,'2019-09-26',191.23),(92,80,'2020-01-22',222.30),(93,71,'2022-12-22',1203.76),(94,100,'2023-04-28',435.00),(95,95,'2019-11-18',899.59),(96,76,'2022-11-20',280.67),(97,78,'2021-12-23',109.01),(98,79,'2019-10-24',83.50),(99,20,'2018-09-05',100.03),(100,94,'2023-12-13',420.69);
/*!40000 ALTER TABLE `invoices` ENABLE KEYS */;
UNLOCK TABLES;

--
-- Table structure for table `medicalstaff`
--

DROP TABLE IF EXISTS `medicalstaff`;
/*!40101 SET @saved_cs_client     = @@character_set_client */;
/*!50503 SET character_set_client = utf8mb4 */;
CREATE TABLE `medicalstaff` (
  `StaffID` int NOT NULL AUTO_INCREMENT,
  `FirstName` varchar(50) DEFAULT NULL,
  `LastName` varchar(50) DEFAULT NULL,
  `Specialization` varchar(100) DEFAULT NULL,
  `Email` varchar(100) DEFAULT NULL,
  `PhoneNumber` varchar(15) DEFAULT NULL,
  `LicenseNumber` varchar(50) DEFAULT NULL,
  `HireDate` date DEFAULT NULL,
  PRIMARY KEY (`StaffID`)
) ENGINE=InnoDB AUTO_INCREMENT=101 DEFAULT CHARSET=utf8mb4 COLLATE=utf8mb4_0900_ai_ci;
/*!40101 SET character_set_client = @saved_cs_client */;

--
-- Dumping data for table `medicalstaff`
--

LOCK TABLES `medicalstaff` WRITE;
/*!40000 ALTER TABLE `medicalstaff` DISABLE KEYS */;
INSERT INTO `medicalstaff` VALUES (1,'Jane','Doe','Cardiologist','jane.doe@example.com','555-555-5555','MD123456','2023-11-01'),(2,'Emily','Johnson','Pediatrician','emily.johnson@example.com','555-555-5557','MD345678','2023-09-20'),(3,'Michael','Anderson','Neurologist','michael.anderson@example.com','555-555-5558','MD901234','2023-08-05'),(4,'Sarah','Williams','Dermatologist','sarah.williams@example.com','555-555-5559','MD567890','2023-07-12'),(5,'Robert','Brown','Ophthalmologist','robert.brown@example.com','555-555-5560','MD123789','2023-06-25'),(6,'Amanda','Miller','Gynecologist','amanda.miller@example.com','555-555-5561','MD890123','2023-05-18'),(7,'Daniel','Taylor','Psychiatrist','daniel.taylor@example.com','555-555-5562','MD456789','2023-04-02'),(8,'Olivia','Clark','Pulmonologist','olivia.clark@example.com','555-555-5563','MD012345','2023-03-15'),(9,'Christopher','Wilson','Urologist','christopher.wilson@example.com','555-555-5564','MD678901','2023-02-28'),(10,'James','Wilde','Neurologist','james.wilde@example.com','555-555-5565','MD678903','2023-01-02'),(11,'Ethan','Anderson','Cardiologist','e.anderson@gmail.com','234-567-8901','MD458244','2022-10-11'),(12,'Olivia','Mitchell','Neurologist','o.mitchell@gmail.com','876-543-2109','MD626303','2020-08-09'),(13,'Liam','Reynolds','Anesthesiologist','l.reynolds@gmail.com','456-789-0123','MD152990','2023-03-21'),(14,'Ava','Martinez','Radiologist','a.martinez@gmail.com','321-098-7654','MD557210','2022-06-18'),(15,'Noah','Thompson','Urologist','n.thompson@gmail.com','789-012-3456','MD659297','2019-04-14'),(16,'Sophia','Sullivan','Cardiologist','s.sullivan@gmail.com','543-210-9876','MD666234','2011-03-12'),(17,'Jackson','Ramirez','Neurologist','j.ramirez@gmail.com','987-654-3210','MD884356','2020-01-19'),(18,'Isabella','Phillips','Anesthesiologist','i.phillips@gmail.com','210-987-6543','MD941709','2021-11-13'),(19,'Aiden','Turner','Radiologist','a.turner@gmail.com','678-901-2345','MD774936','2018-06-06'),(20,'Mia','Patel','Urologist','m.patel@gmail.com','890-123-4567','MD116263','2019-07-20'),(21,'Lucas','Price','Cardiologist','l.price@gmail.com','345-678-9012','MD482209','2015-02-11'),(22,'Amelia','Foster','Neurologist','a.foster@gmail.com','109-876-5432','MD997264','2022-10-22'),(23,'Mason','Carter','Anesthesiologist','m.carter@gmail.com','543-210-9876','MD254678','2023-06-15'),(24,'Harper','Washington','Radiologist','h.washintgton@gmail.com','987-654-3210','MD709006','2022-11-11'),(25,'Logan','Hayes','Urologist','l.hayes@gmail.com','210-987-6543','MD123856','2018-08-05'),(26,'Evelyn','Jenkins','Cardiologist','e.jenkins@gmail.com','678-901-2345','MD680521','2017-07-07'),(27,'Oliver','Russel','Neurologist','o.russel@gmail.com','890-123-4567','MD120495','2022-10-18'),(28,'Abigail','Thevel','Anesthesiologist','a.thevel@gmail.com','345-678-9012','MD587036','2021-04-16'),(29,'Elijah','Fisher','Radiologist','e.fisher@gmail.com','109-876-5432','MD166423','2020-03-01'),(30,'Emily','Harris','Urologist','e.harris@gmail.com','987-654-3210','MD769121','2020-02-06'),(31,'Carter','Rodriguez','Cardiologist','c.rodriguez@gmail.com','210-987-6543','MD185623','2023-01-12'),(32,'Scarlett','Weaver','Neurologist','s.weaver@gmail.com','678-901-2345','MD987652','2023-01-02'),(33,'Caleb','Olson','Anesthesiologist','c.olson@gmail.com','890-123-4567','MD369523','2022-02-14'),(34,'Chloe','Perry','Radiologist','c.perry@gmail.com','345-678-9012','MD123455','2021-10-04'),(35,'Benjamin','Nguyen','Urologist','b.nguyen@gmail.com','109-876-5432','MD833040','2019-09-13'),(36,'Grace','Powell','Cardiologist','g.powell@gmail.com','543-210-9876','MD742124','2018-09-16'),(37,'Henry','Simpson','Neurologist','h.simpson@gmail.com','987-654-3210','MD578750','2019-08-19'),(38,'Lily','Quinn','Anesthesiologist','l.quinn@gmail.com','210-987-6543','MD186522','2018-02-15'),(39,'Samuel','Wells','Radiologist','s.wells@gmail.com','678-901-2345','MD126532','2017-01-23'),(40,'Zoey','Dixon','Urologist','z.dixon@gmail.com','890-123-4567','MD176665','2017-11-28'),(41,'Suzanne','DEmic','Nurse','SuzanneDEmic@gmail.com','718-344-2332','MD384928','2012-09-29'),(42,'Julie','Doe','Cardiologist','juliedoe@gmail.com','917-521-5515','MD148747','2019-10-01'),(43,'Jason','Dominic','Surgeon','jdominic@gmail.com','718-344-2933','MD342809','2003-03-07'),(44,'John','Cameron','Cardiologist','jcameron.doe@gmail.com','917-392-1029','MD282109','2018-09-15'),(45,'Brittany','Dale','Nurse','brittanydale@gmail.com','918-932-1923','MD930293','2023-03-08'),(46,'Alice','Saint','Surgeon','alicesaint@gmail.com','917-293-2039','MD913083','2019-04-15'),(47,'Dominic','Allison','Cardiologist','dallison@aol.com','718-321-1111','MD210139','2011-10-05'),(48,'Dianne','Dickson','Cardiologist','diannedickson@gmail.com','917-120-1222','MD128338','2009-08-09'),(49,'Karl','Jackson','Janitor','KarlJackson@aol.com','718-293-2922','MD111123','2001-09-10'),(50,'Gerald','Rose','Nurse','grose@gmail.com','718-230-3984','MD123848','2008-03-01'),(51,'Jordan','Donner','Cardiologist','jordandonner@gmail.com','917-392-3890','MD183492','2015-09-21'),(52,'Nicholas','Harris','Surgeon','nicholasharris@gmail.com','917-575-7237','MD392842','2015-07-12'),(53,'Lilith','Heller','Nurse','lilithheller@gmail.com','917-291-1291','MD901202','2022-08-27'),(54,'Jack','Taylor','Cardiologist','jacktaylor@outlook.com','718-292-2393','MD248218','2004-05-29'),(55,'Hal','Emmerich','Surgeon','halemmerich@outlook.com','718-929-9921','MD112922','2004-11-15'),(56,'Sunny','Emmerich','Surgeon','sunnyemmerich@gmail.com','917-293-2983','MD993290','2014-09-27'),(57,'Ernie','Bright','Cardiologist','erniebright@gmail.com','718-293-2932','MD238233','2009-05-09'),(58,'Bert','Brigerton','Surgeon','bertbridgerton@gmail.com','718-210-1212','MD393488','2009-05-09'),(59,'Adrian','Dick','Cardiologist','adriandick@gmail.com','917-293-2999','MD910328','2014-11-15'),(60,'Max','Peter','Surgeon','maxpeter@outlook.com','718-791-9878','MD482289','2006-08-20'),(61,'Howard','Ashvin','Nurse','howardashvin@gmail.com','718-392-2999','MD283893','2012-01-20'),(62,'Rosa','Dilillo','Nurse','rosadilillo@gmail.com','917-909-9380','MD392886','2016-06-01'),(63,'Stella','Silvia','Cardiologist','stellasilvia@gmail.com','917-394-2932','MD328880','2017-06-15'),(64,'Liam','Anderson','Cardiologist','liamanderson@hotmail.com','718-239-4858','MD484873','2008-12-08'),(65,'Bill','Boham','Cardiologist','billboham@yahoo.com','718-403-4333','MD823823','2003-03-09'),(66,'Andrew','Allison','Nurse','andrewallison@gmail.com','917-384-4436','MD605934','2014-09-12'),(67,'Tyrell','Franklin','Cardiologist','tfranklin@gmail.com','917-864-9433','MD738238','2013-09-15'),(68,'Nicholas','Norman','Surgeon','nicholasnorman@gmail.com','917-129-1123','MD278273','2014-09-01'),(69,'Orson','Voros','Cardiologist','orsonvoros@yahoo.com','718-939-9932','MD658432','2003-04-07'),(70,'John','Alan','Nurse','johnalan@gmail.com','917-392-3923','MD988939','2018-07-18'),(71,'Bella','Hadid','Cardiologist','drhadid18@yahoo.com','110-333-5555','MD123456','2018-11-01'),(72,'Adam','Smith','Registeres Nurse','rnfashion@yahoo.com','347-333-3675','RN1283456','2020-05-10'),(73,'Tanya','Ford','Nurse Midwife','labor18@yahoo.com','301-332-4091','RN187456','2002-02-01'),(74,'Steven','White','Physical Therapist','drwhite4@gamil.com','646-707-5555','MD984218','2015-11-10'),(75,'Mary','McDoug','Cardiologist','mmcdoug56@outlook.com','646-302-6543','MD198454','2019-07-23'),(76,'Gigi','Hadid','Occupational Therapist','drhadid43@outlook.com','347-654-3055','MD965430','2021-03-24'),(77,'Diana','Ross','Speech Pathologist','drdross@hotmail.com','867-453-5555','MD555333','2011-08-27'),(78,'Mark','Wizard','Patient care technician','carewlove2@yahoo.com','301-984-5321','LN120456','2023-07-08'),(79,'Shephanie','Mills','Physician Assistant','paassistant2@yahoo.com','516-923-9100','PA122356','2017-05-01'),(80,'Beyonce','Nobles','General Surgeon','noblessurgeon@gmail.com','919-507-2354','MD782567','2023-01-24'),(81,'Amy','George','Colon and Rectal Surgeon','georgeamy23@gmail.com','704-233-4555','MD22177','2005-10-31'),(82,'Gerry','Dincher','Neurosurgeon','drdincher43@outlook.com','402-657-5955','MD937866','2013-11-01'),(83,'Babacar','Ndiaye','Ophthalmologist','bibatabou4@outlook.com','153-765-8976','MD942023','2015-06-24'),(84,'Sally','Drive','Obstetrician and gynecologist','drdriveway09@yahoo.com','910-333-5567','MD098765','2014-12-13'),(85,'Binta','Mbaye','Orthopaedic','bbmbaye14@gmail.com','919-347-2222','MD779483','2003-09-10'),(86,'Cheikh','Anta','Otolaryngologist','loveanta46@yahoo.com','984-857-5355','MD087563','2017-04-15'),(87,'Midas','Jagaban','Pediatric Surgeon','midaspedi67@outlook.com','301-779-4835','MD435384','2019-05-13'),(88,'Joe','Dunkin','Thoracic Surgeon','dunkinapp8@yahoo.com','614-546-7800','MD493589','2021-05-13'),(89,'Kam','Express','Urologist','uroloexpress15@hotmail.com','984-217-8046','MD674893','2018-11-13'),(90,'Toby','Bah','Cardiologist','drhadid18@yahoo.com','646-937-8661','MD100456','2018-03-01'),(91,'Shabrione','Rouge','Nurse','badnurse3@yahoo.com','646-180-2604','RN08796','2018-10-01'),(92,'Heidi','Small','Clinical Nurse Speciallist','hsmall18@yahoo.com','502-333-3333','RN098765','2017-06-19'),(93,'Corey','Little','OR Nurse','littleor65@gmail.com','502-989-6757','RN654321','2022-04-29'),(94,'Mickey','Mouse','Cardiac Nurse','clubhouse19898@yahoo.com','984-500-1000','RN938876','2018-11-30'),(95,'Sophia','First','Nurse Midwife','babygoal23@yahoo.com','502-919-9087','RN984218','2018-11-01'),(96,'Ariel','Fin','Cardiologist','drfinton8@yahoo.com','917-124-4555','RN910765','2016-04-17'),(97,'Ben','Simmons','Neontal Nurse','icuhottie2@outlook.com','347-218-9026','RN919332','2016-12-31'),(98,'Lily','Pond','Nurse Manager','lillyflower8@gmail.com','502-332-4090','RN919903','2022-06-08'),(99,'Emily','Martinez','Anesthesiologist','msmartinez05@hotgamil.com','501-903-1366','MD919332','2021-08-17'),(100,'Donald','Trump','Plastic Surgeon','drmiami57@yahoo.com','646-409-0332','MD984903','2004-10-13');
/*!40000 ALTER TABLE `medicalstaff` ENABLE KEYS */;
UNLOCK TABLES;

--
-- Table structure for table `medicationhistory`
--

DROP TABLE IF EXISTS `medicationhistory`;
/*!40101 SET @saved_cs_client     = @@character_set_client */;
/*!50503 SET character_set_client = utf8mb4 */;
CREATE TABLE `medicationhistory` (
  `PatientID` int NOT NULL AUTO_INCREMENT,
  `CurrentlyTakingMedications` enum('Yes','No') DEFAULT NULL,
  `PastUse` enum('Yes','No','Rarely Used','Never Used') DEFAULT NULL,
  `MedicationName` varchar(100) DEFAULT NULL,
  PRIMARY KEY (`PatientID`),
  CONSTRAINT `medicationhistory_ibfk_1` FOREIGN KEY (`PatientID`) REFERENCES `patients` (`PatientID`)
) ENGINE=InnoDB AUTO_INCREMENT=101 DEFAULT CHARSET=utf8mb4 COLLATE=utf8mb4_0900_ai_ci;
/*!40101 SET character_set_client = @saved_cs_client */;

--
-- Dumping data for table `medicationhistory`
--

LOCK TABLES `medicationhistory` WRITE;
/*!40000 ALTER TABLE `medicationhistory` DISABLE KEYS */;
INSERT INTO `medicationhistory` VALUES (1,'Yes','Rarely Used','Aspirin'),(2,'No','No',''),(3,'Yes','Rarely Used','Advil'),(4,'Yes','Rarely Used','Advil, Tylenol, Asprin'),(5,'Yes','Rarely Used','Asprin'),(6,'Yes','Yes','Vicodin'),(7,'No','No',''),(8,'No','No',''),(9,'Yes','No','Valium'),(10,'Yes','No','THC'),(11,'Yes','Rarely Used','Zyrtec'),(12,'Yes','Rarely Used','Tylenol'),(13,'Yes','Yes','Ibuprofen'),(14,'No','No','None'),(15,'Yes','Rarely Used','Tylenol'),(16,'No','No','None'),(17,'Yes','Rarely Used','Ibuprofen'),(18,'No','No','None'),(19,'Yes','Yes','Ibuprofen'),(20,'Yes','Yes','Aspirin'),(21,'Yes','Rarely Used','Ibuprofen'),(22,'Yes','Rarely Used','Paracetamol'),(23,'No','No','None'),(24,'Yes','No','Ibuprofen'),(25,'Yes','Yes','Paracetamol'),(26,'Yes','Yes','Aspirin'),(27,'No','Yes','Ibuprofen'),(28,'Yes','Rarely Used','Tylenol'),(29,'Yes','Yes','Ibuprofen'),(30,'Yes','Yes','Advil, Claritin'),(31,'Yes','Rarely Used','Tylenol'),(32,'Yes','Yes','Ibuprofen'),(33,'No','No','None'),(34,'Yes','Rarely Used','Tylenol'),(35,'No','No','None'),(36,'Yes','Rarely Used','Aspirin'),(37,'Yes','Yes','Allegra'),(38,'No','No','None'),(39,'Yes','Rarely Used','Aspirin'),(40,'Yes','Yes','Advil, Claritin'),(41,'No','No','No'),(42,'Yes','Rarely Used','Aspirin'),(43,'Yes','Rarely Used','Ibuprofen'),(44,'Yes','Yes','Aspirin'),(45,'No','No','No'),(46,'Yes','Yes','Tylenol'),(47,'Yes','Rarely Used','Aspirin'),(48,'Yes','Rarely Used','Tylenol'),(49,'Yes','Yes','Lisinopril'),(50,'Yes','Yes','Ibuprofen'),(51,'Yes','Rarely Used','Aspirin'),(52,'Yes','Yes','Aspirin'),(53,'No','No','No'),(54,'Yes','Rarely Used','Tylenol'),(55,'No','No','No'),(56,'Yes','Yes','Lisinopril'),(57,'Yes','Rarely Used','Tylenol'),(58,'No','Yes','Ibuprofen'),(59,'No','No','No'),(60,'No','No','No'),(61,'No','No','No'),(62,'Yes','Rarely Used','Aspirin'),(63,'Yes','Yes','Tylenol'),(64,'Yes','Yes','Ibuprofen'),(65,'No','No','No'),(66,'Yes','Rarely Used','Aspirin'),(67,'Yes','Yes','Tylenol'),(68,'Yes','Rarely Used','Ibuprofen'),(69,'Yes','Yes','Aspirin'),(70,'Yes','Rarely Used','Tylenol'),(71,'Yes','Rarely Used','Pimozide'),(72,'No','Never Used',''),(73,'No','Never Used',''),(74,'No','Never Used',''),(75,'Yes','Rarely Used','Tylenol'),(76,'No','No',''),(77,'Yes','Rarely Used','Aspirin'),(78,'No','Never Used',''),(79,'No','Never Used',''),(80,'Yes','Rarely Used','Aspirin'),(81,'Yes','Rarely Used','Benralizumab'),(82,'Yes','Rarely Used','Oxycodone'),(83,'Yes','Rarely Used','Doxepin'),(84,'Yes','Rarely Used','Aspirin'),(85,'No','Never Used',''),(86,'Yes','Rarely Used','Codeine'),(87,'No','Never Used',''),(88,'No','Never Used',''),(89,'No','Never Used',''),(90,'No','Never Used',''),(91,'No','Never Used',''),(92,'Yes','Rarely Used','Nortriptyline'),(93,'Yes','Rarely Used','Fluoxamine'),(94,'Yes','Rarely Used','Tylenol'),(95,'Yes','Rarely Used','Benralizumab'),(96,'Yes','Rarely Used','Tylenol'),(97,'No','Never Used',''),(98,'No','Never Used',''),(99,'No','Never Used',''),(100,'Yes','Rarely Used','Acetaminophen');
/*!40000 ALTER TABLE `medicationhistory` ENABLE KEYS */;
UNLOCK TABLES;

--
-- Table structure for table `patients`
--

DROP TABLE IF EXISTS `patients`;
/*!40101 SET @saved_cs_client     = @@character_set_client */;
/*!50503 SET character_set_client = utf8mb4 */;
CREATE TABLE `patients` (
  `PatientID` int NOT NULL AUTO_INCREMENT,
  `FirstName` varchar(50) DEFAULT NULL,
  `LastName` varchar(50) DEFAULT NULL,
  `DateOfBirth` date DEFAULT NULL,
  `Gender` enum('Male','Female','Other') DEFAULT NULL,
  `MaritalStatus` enum('Single','Married','Divorced','Widowed') DEFAULT NULL,
  `Email` varchar(100) DEFAULT NULL,
  `PhoneNumber` varchar(15) DEFAULT NULL,
  `Address1` varchar(100) DEFAULT NULL,
  `Address2` varchar(100) DEFAULT NULL,
  `CityState` varchar(50) DEFAULT NULL,
  `Country` varchar(50) DEFAULT NULL,
  `BloodType` enum('A+','B+','AB+','O+','A-','B-','AB-','O-','Unknown') DEFAULT NULL,
  `ChangeInHealthTrigger` text,
  `EmergencyContactName` varchar(100) DEFAULT NULL,
  `EmergencyContactRelationship` varchar(50) DEFAULT NULL,
  `EmergencyContactNumber` varchar(15) DEFAULT NULL,
  PRIMARY KEY (`PatientID`)
) ENGINE=InnoDB AUTO_INCREMENT=101 DEFAULT CHARSET=utf8mb4 COLLATE=utf8mb4_0900_ai_ci;
/*!40101 SET character_set_client = @saved_cs_client */;

--
-- Dumping data for table `patients`
--

LOCK TABLES `patients` WRITE;
/*!40000 ALTER TABLE `patients` DISABLE KEYS */;
INSERT INTO `patients` VALUES (1,'John','Doe','1990-01-15','Male','Single','john.doe@email.com','123-456-7890','123 Main St','Apt 4B','Los Angeles, CA','USA','A+','No specific triggers','Jane Doe','Spouse','987-654-3210'),(2,'Steven','Schiavone','2004-09-01','Male','Single','steven.schiavone@gmail.com','732-742-8422','55 John Street','Rm 1412','New York, NY','USA','Unknown','No specific triggers','John Doe','Spouse','555-555-5555'),(3,'Joe','Shmoe','1984-06-01','Male','Married','jshmoe84@aol.com','328-912-9234','67 Yankee Blvd','','Shmoesville, NY','USA','Unknown','No specific triggers','Harley Shmoe','Spouse','555-555-5555'),(4,'Harley','Shmoe','1985-12-21','Female','Married','jshmoe84@aol.com','328-912-9235','67 Yankee Blvd','','Shmoesville, NY','USA','Unknown','No specific triggers','Joe Shmoe','Spouse','555-555-5555'),(5,'Gray','Ladee','1951-09-18','Female','Married','help@nytimes.com','212-556-1234','242 W 41st St','','New York, NY','USA','Unknown','No specific triggers','Wapo Bezos','Spouse','555-555-5555'),(6,'John','Q. Public','1965-07-23','Male','Married','johnqpublic@yahoo.com','298-919-8387','23 Maiden Ln','','Norman, OK','USA','Unknown','No specific triggers','Jane Q. Public','Spouse','555-555-5555'),(7,'Jane','Q. Public','1967-02-27','Female','Married','seventieskiddo@yahoo.com','932-921-2132','23 Maiden Ln','','Norman, OK','USA','Unknown','No specific triggers','John Q. Public','Spouse','555-555-5555'),(8,'Harry','Lillis','1903-05-03','Male','Married','bing@compuserve.com','227-7638','508 E Sharp Ave','','Spokane, WA','USA','Unknown','No specific triggers','Kathryn Grant','Spouse','555-555-5555'),(9,'Kathryn','Grant','1933-11-25','Female','Married','kathryn@compuserve.com','227-7638','508 E Sharp Ave','','Spokane, WA','USA','Unknown','No specific triggers','Kathryn Grant','Spouse','555-555-5555'),(10,'Tom','Dick Harry','1994-10-27','Male','Single','everytdh@yahoo.com','555-327-7239','900 Ford Street','','Tuscon, Arizona','USA','Unknown','No specific triggers','','',''),(11,'Sophia','Martinez','1985-07-30','Female','Married','sophia.martinez@email.com','555-345-6789','789 Elm St','Apt 9C','Chicago, IL','USA','O+','Stress','Carlos Martinez','Spouse','234-567-8901'),(12,'Oliver','Taylor','1990-09-12','Male','Married','oliver.taylor@email.com','555-234-5678','456 Pine Ln','Suite 2A','Los Angeles, CA','USA','B-','Injury','Sophie Taylor','Spouse','876-543-2108'),(13,'Evelyn','Johnson','1982-05-18','Female','Single','evelyn.johnson@email.com','555-123-4567','123 Oak St','Apt 4B','New York, NY','USA','A+','Illness','David Johnson','Sibling','987-654-3210'),(14,'William','Brown','1988-08-15','Male','Married','william.brown@email.com','777-666-5555','700 Okland St','Apt 3D','Seattle, WA','USA','A-','Unknown','Emma Brown','Spouse','333-444-5555'),(15,'Sophie','Miller','1992-12-05','Female','Single','sophie.miller@email.com','989-818-7707','456 Elm St','Unit 6B','Miami, FL','USA','B+','No specific triggers','Chris Miller','Brother','121-222-3433'),(16,'David','Johnson','1978-03-10','Male','Divorced','david.johnson@email.com','444-555-6666','567 Pine St','Suite 2A','New York, NY','USA','O+','Unknown','Sophia Johnson','Daughter','111-222-3333'),(17,'Alice','Smith','1985-07-20','Female','Married','alice.smith@email.com','545-143-4467','789 Oak St','Apt 9C','San Francisco, CA','USA','AB-','Stress','Bob Smith','Spouse','987-654-3210'),(18,'Nora','Thompson','1990-04-02','Female','Single','nora.thompson@email.com','383-202-1991','567 Pine Ln','Apt 8C','New York, NY','USA','A+','Injury','David Thompson','Parent','995-044-3333'),(19,'Ethan','Dooley','1993-11-28','Male','Married','ethan.davis@email.com','787-243-9069','890 Pine St','Suite 5A','Chicago, IL','USA','AB-','Stress','Olivia Davis','Spouse','333-409-5095'),(20,'Grady','Milea','1982-09-04','Female','Single','g.milea@email.com','111-342-0003','456 Oak St','Apt 3D','Los Angeles, CA','USA','O+','No specific triggers','Chris Miller','Brother','595-330-7342'),(21,'Sophia','Brooks','1986-08-30','Female','Married','sophia.brooks@email.com','055-305-6780','123 Cedar St','Apt 4C','Los Angeles, CA','USA','A+','No specific triggers','Daniel Brooks','Spouse','004-567-8001'),(22,'Aiden','Hill','1992-04-15','Male','Single','aiden.hill@email.com','424-491-4913','890 Elm St','Apt 2A','Seattle, WA','USA','O+','Injury','Sophie Hill','Spouse','234-344-3244'),(23,'Liam','Cooper','1988-07-10','Male','Single','liam.cooper@email.com','433-580-6116','567 Cedar St','Apt 5B','Miami, FL','USA','AB-','Illness','Sophia Cooper','Sibling','101-292-3993'),(24,'Elise','Garcia','1991-11-18','Female','Married','emma.garcia@email.com','255-123-4567','123 Pine St','Suite 7C','New York, NY','USA','B+','No specific triggers','Liam Garcia','Spouse','987-054-3210'),(25,'Olivia','Turner','1985-03-08','Female','Single','olivia.turner@email.com','944-000-6606','567 Birch St','Apt 2C','Houston, TX','USA','A+','Injury','Daniel Turner','Sibling','909-654-3210'),(26,'Will','Davis','1992-10-18','Male','Married','ethan.davis@email.com','423-403-9543','890 Pine St','Suite 5A','Chicago, IL','USA','AB-','Stress','Olivia Davis','Spouse','325-974-4923'),(27,'Grace','Miller','1982-09-14','Female','Single','grace.miller@email.com','111-331-0989','456 Oak St','Apt 3D','Los Angeles, CA','USA','O+','No specific triggers','Chris Miller','Brother','555-931-7432'),(28,'Chloe','Brown','1990-03-18','Female','Single','chloe.brown@email.com','595-234-5678','567 Maple St','Apt 2B','New York, NY','USA','AB-','No specific triggers','Daniel Brown','Sibling','876-543-2109'),(29,'Aiden','Davis','1980-08-20','Male','Divorced','aiden.davis@email.com','585-123-4567','123 Pine St','Suite 7C','Los Angeles, CA','USA','B+','Stress','Olivia Davis','Spouse','987-654-3218'),(30,'Henry','White','1987-11-05','Male','Married','henry.white@email.com','575-678-9012','456 Birch Ln','Suite 3D','Seattle, WA','USA','A-','Injury','Lily White','Spouse','876-543-2109'),(31,'Mia','Halls','1998-04-22','Female','Single','mia.hall@email.com','565-234-5678','345 Elm St','Apt 6A','Miami, FL','USA','O+','No specific triggers','Ethan Hall','Parent','765-432-1098'),(32,'Harper','Clark','1983-09-22','Female','Divorced','harper.clark@email.com','545-123-9876','234 Oak Ave','Suite 7C','Chicago, IL','USA','AB-','Illness','James Clark','Sibling','654-321-0987'),(33,'Jackson','Williams','1975-06-15','Male','Married','jackson.williams@email.com','535-987-6543','789 Maple St','Apt 5B','Houston, TX','USA','B+','Stress','Emily Williams','Spouse','876-543-2109'),(34,'Sophie','Allen','1989-02-28','Female','Single','sophie.allen@email.com','103-456-7890','567 Birch Ln','Apt 1D','Los Angeles, CA','USA','A+','No specific triggers','Michael Allen','Parent','234-567-8901'),(35,'Ava','Taylor','1995-02-28','Female','Single','ava.taylor@email.com','525-876-5432','789 Pine St','Apt 10C','Chicago, IL','USA','A+','Illness','William Taylor','Parent','543-210-9876'),(36,'Mason','Williams','1975-11-12','Male','Married','mason.williams@email.com','515-333-2222','234 Cedar Ave','Suite 7D','Houston, TX','USA','O-','Unknown','Sophie Williams','Spouse','777-888-9999'),(37,'Natalie','Jones','1989-06-25','Female','Single','natalie.jones@email.com','505-987-6543','876 Maple Ln','Apt 5B','Los Angeles, CA','USA','AB+','No specific triggers','Michael Jones','Sibling','321-456-7890'),(38,'Emma','Smith','1980-12-03','Female','Married','emma.smith@email.com','555-678-9012','345 Pine St','Suite 8E','Seattle, WA','USA','O-','Illness','John Smith','Spouse','876-543-2109'),(39,'Liam','Garcia','1992-10-08','Male','Divorced','liam.garcia@email.com','555-567-8901','234 Birch St','Apt 12D','Miami, FL','USA','B+','Injury','Olivia Garcia','Spouse','765-432-1098'),(40,'Isaac','Reyes','1978-04-15','Male','Single','isaac.reyes@email.com','555-456-7890','987 Oak Ave','Apt 3F','Houston, TX','USA','AB+','Illness','Maria Reyes','Parent','345-678-9012'),(41,'Ava','Wilson','1996-06-22','Female','Single','ava.wilson@email.com','555-121-2121','234 Birch St','Apt 3C','Chicago, IL','USA','A-','No specific triggers','David Wilson','Parent','555-343-4343'),(42,'Logan','Garcia','1981-03-14','Male','Single','logan.garcia@email.com','555-777-8888','789 Pine St','Apt 4F','Miami, FL','USA','AB+','Seasonal allergies','Sophie Garcia','Sibling','555-999-0000'),(43,'Mia','Brown','1984-08-05','Female','Divorced','mia.brown@email.com','555-333-4444','456 Elm St','Apt 6D','New York, NY','USA','B+','Pollen allergy','John Brown','Ex-Spouse','555-555-6666'),(44,'Ella','Martinez','1992-11-20','Female','Married','ella.martinez@email.com','555-111-9999','123 Birch St','Apt 3C','San Francisco, CA','USA','A-','No specific triggers','Carlos Martinez','Spouse','555-222-8888'),(45,'Isaac','Nguyen','1989-04-02','Male','Single','isaac.nguyen@email.com','555-555-1234','789 Cedar St','Apt 2B','Los Angeles, CA','USA','O+','No specific triggers','Mia Nguyen','Spouse','555-555-5678'),(46,'Daniel','Hernandez','1987-07-12','Male','Married','daniel.hernandez@email.com','555-333-1111','456 Maple St','Apt 5A','Houston, TX','USA','B+','Pollen allergy','Maria Hernandez','Spouse','555-444-2222'),(47,'Emma','Taylor','1995-10-30','Female','Single','emma.taylor@email.com','555-111-0000','123 Pine St','Apt 4D','Chicago, IL','USA','A-','No specific triggers','Chris Taylor','Sibling','555-222-1111'),(48,'Liam','Smith','1982-02-09','Male','Single','liam.smith@email.com','555-123-7890','456 Oak St','Apt 2B','Los Angeles, CA','USA','O+','No specific triggers','Emma Smith','Parent','555-987-6543'),(49,'Sophia','Lopez','1993-07-24','Female','Married','sophia.lopez@email.com','555-787-8787','789 Cedar St','Apt 1A','Austin, TX','USA','B+','Allergic reaction','Carlos Lopez','Spouse','555-898-9898'),(50,'Olivia','Davis','1988-12-17','Female','Single','olivia.davis@email.com','555-565-6565','234 Oak St','Apt 2C','Denver, CO','USA','A+','No specific triggers','Brian Davis','Sibling','555-676-7676'),(51,'Michael','Jones','1976-04-08','Male','Divorced','michael.jones@email.com','555-121-2121','876 Pine St','Apt 6G','Seattle, WA','USA','O-','High cholesterol','Jennifer Jones','Ex-Spouse','555-343-4343'),(52,'Oscar','Gomez','1986-12-03','Male','Married','oscar.gomez@email.com','555-777-8888','890 Elm St','Apt 8F','Miami, FL','USA','AB+','Pollen allergy','Maria Gomez','Spouse','555-999-0000'),(53,'Grace','Turner','1991-09-15','Female','Single','grace.turner@email.com','555-555-5555','234 Cedar St','Apt 3B','Boston, MA','USA','A-','No specific triggers','Daniel Turner','Sibling','555-666-7777'),(54,'Sam','Miller','1980-06-28','Male','Married','sam.miller@email.com','555-111-2222','789 Birch St','Apt 10D','San Francisco, CA','USA','O+','Seasonal allergies','Emily Miller','Spouse','555-333-4444'),(55,'Eva','Williams','1994-05-18','Female','Single','eva.williams@email.com','555-222-3333','567 Pine St','Apt 3A','Atlanta, GA','USA','AB-','No specific triggers','David Williams','Parent','555-444-5555'),(56,'Bob','Johnson','1978-11-10','Male','Divorced','bob.johnson@email.com','555-987-6543','321 Maple St','Apt 5E','Houston, TX','USA','A+','High blood pressure','Mary Johnson','Ex-Spouse','987-654-3210'),(57,'Zoe','Johnson','1992-08-12','Female','Single','zoe.johnson@email.com','555-123-4567','789 Pine St','Apt 2D','Chicago, IL','USA','O+','No specific triggers','Chris Johnson','Sibling','789-321-6540'),(58,'Alice','Smith','1985-03-22','Female','Married','alice.smith@email.com','987-654-3210','456 Oak St','Apt 7C','New York, NY','USA','B-','Allergic reaction','Bob Smith','Spouse','123-456-7890'),(59,'Viola','Lee','1999-06-15','Female','Single','violalee@gmail.com','917-654-3210','818 89th St','Apt 4B','New York, NY','USA','A+','No specific triggers','Salem Starlight','Significant Other','917-928-3929'),(60,'Alma','Hill','1920-11-15','Female','Married','AlmaHill@aol.com','718-329-7890','123 63rd St','','New York, NY','USA','A+','No specific triggers','Roy Hill','Spouse','718-654-3210'),(61,'Salem','Starlight','1999-11-15','Male','Single','salemstarlight@gmail.com','917-928-3929','818 89th St','Apt 4B','New York, NY','USA','A+','No specific triggers','Viola Lee','Significant Other','917-654-3210'),(62,'Mila','Campbell','1993-07-03','Female','Single','mila.campbell@email.com','555-333-4444','789 Cedar St','Apt 2D','Chicago, IL','USA','B-','No specific triggers','Elijah Campbell','Sibling','555-444-5555'),(63,'Liam','Murphy','1987-11-28','Male','Single','liam.murphy@email.com','555-777-8888','123 Pine St','Apt 4F','Miami, FL','USA','A-','No specific triggers','Avery Murphy','Sibling','555-999-0000'),(64,'Scarlett','Fisher','1989-02-15','Female','Married','scarlett.fisher@email.com','555-111-9999','456 Maple St','Apt 6B','New York, NY','USA','A+','No specific triggers','Henry Fisher','Spouse','555-222-8888'),(65,'Ethan','Gray','1980-11-05','Male','Single','ethan.gray@email.com','555-777-8888','123 Oak St','Apt 2A','Los Angeles, CA','USA','O-','No specific triggers','Olivia Gray','Sibling','555-999-0000'),(66,'Harper','Wright','1985-05-19','Female','Divorced','harper.wright@email.com','555-333-4444','789 Cedar St','Apt 5D','Houston, TX','USA','AB+','Pollen allergy','Ryan Wright','Ex-Spouse','555-444-5555'),(67,'Aiden','Baker','1991-08-27','Male','Married','aiden.baker@email.com','555-111-2222','456 Pine St','Apt 3F','Miami, FL','USA','B+','Seasonal allergies','Emily Baker','Spouse','555-222-3333'),(68,'Leo','Cooper','1986-12-10','Male','Divorced','leo.cooper@email.com','555-777-9999','123 Oak St','Apt 2B','Los Angeles, CA','USA','O-','No specific triggers','Grace Cooper','Ex-Spouse','555-999-1111'),(69,'Zoe','Hill','1990-04-18','Female','Single','zoe.hill@email.com','555-444-3333','789 Elm St','Apt 4A','Austin, TX','USA','AB+','No specific triggers','Chris Hill','Parent','555-666-5555'),(70,'Noah','Anderson','1983-09-01','Male','Married','noah.anderson@email.com','555-555-5555','567 Cedar St','Apt 2D','Denver, CO','USA','O+','No specific triggers','Sophia Anderson','Spouse','555-676-7676'),(71,'Taraji','Henson','1970-09-11','Female','Single','phenson23@yahoo.com','197-116-7890','2165 Castillian Dr','None','Los Angeles, CA','USA','O+','Tourette syndrome','Marcell Henson','Child','201-654-2003'),(72,'Meredith','Grey','1969-11-10','Female','Married','drgey12@gmail.com','101-154-4783','733 Lexington St','None','Goshen, IN','USA','A-','No specific triggers','Derek Shepherd','Spouse','678-830-3803'),(73,'David','Goggins','1975-02-17','Male','Single','rungoggins2@gmail.com','123-456-7890','6120 Marathon St','None','Buffalo, NY','USA','A-','Hypertension','Trunnis Goggins','Sibling','516-654-3210'),(74,'Ramtoulaye','Fall','1998-05-10','Female','Single','ramafall14@gmail.com','910-338-7760','403 Poyner Anchor Ln','Apt 2F','Raleigh, NC','USA','B+','No specific triggers','Moussa Fall','Father','919-903-1366'),(75,'Marie','Fall','2003-05-10','Female','Single','falllmarie14@gmail.com','984-218-9026','12825 Main St','Apt 3E','New York, Nc','USA','B+','No specific triggers','Amy Fall','Mother','347-332-3210'),(76,'Khalil','Dieye','2000-12-17','Male','Single','dieyekhalil23@gmail.com','502-631-0157','4237 E Young St','Apt 5B','Raleigh, NC','USA','A-','No specific triggers','Binta Dieye','Mother','502-221-3210'),(77,'Gregg','Davis','1963-05-15','Male','Married','gred.davis@gmail.com','347-919-3210','707 Saint Nicolas Ave','Apt 4B','New York, NY','USA','O-','Anxiety','Kim Richard','Spouse','347-919-3210'),(78,'Gisele','Bundchen','1980-07-20','Female','Married','carolinebundchen22@gmail.com','734-654-1234','672 Green St','Apt 703','San Mateos, CA','USA','B+','No specific triggers','Tom Brandy','Spouse','209-456-2012'),(79,'Tom','Brady','1977-08-03','Male','Married','bradytom12@hotmail.com','209-456-2012','672 Green St','Apt 703','San Mateo, CA','USA','B+','No specific triggers','Gisele Bundchen','Spouse','734-654-1234'),(80,'Samba','Ba','1990-05-10','Male','Married','skaiba2021@yahoo.com','919-501-8294','1030 N Rodger Lane','Apt 7B','Raleigh, NC','USA','A-','No specific triggers','Ramona Ba','Spouse','919-654-1366'),(81,'Ramona','Ba','1995-03-15','Female','Married','Baramona45@outlook.com','919-654-1366','1030 N Rodger Lane','Apt 7B','Raleigh, NC','USA','AB+','Asthma','Samba Ba','Spouse','919-501-8294'),(82,'Derek','Sheperd','1966-01-13','Male','Married','gracesolan@gmail.com','678-830-3803','733 Lexington St','None','Goshen, IN','USA','AB-','No specific triggers','Meredith Grey','Spouse','101-154-4783'),(83,'Jamie','Sandler','1974-09-24','Female','Married','jsandler02@outlook.com','919-654-3210','457 145th St','Apt 4B','San Francisco, CA','USA','O-','Depression','Adam Sandler','Spouse','456-876-7890'),(84,'Rihanna','Fenty','1988-02-20','Female','Single','rfenty88@gmail.com','919-456-7890','234 Fall Drive','Apt 6C','Raleigh NC','USA','A+','No specific triggers','Rakim Mayers','Sibling','984-654-3210'),(85,'Mark','Skurki','1967-07-15','Male','Married','mark.skurki@gmail.com','201-609-3214','302 Saint Paul Stt','Apt 707','Manassas, VA','USA','AB-','No specific triggers','Madeline Skurki','Spouse','332-674-7890'),(86,'Madeline','Skurki','1972-11-18','Female','Married','skurkicompany@gmail.com','332-674-7890','302 Saint Paul St','Apt 707','Manassas, VA','USA','A-','Scoliosis, Anxiety','Mark Skurki','Spouse','201-609-3214'),(87,'Joelle','Siwa','2003-05-19','Female','Single','jojosiwa20@gmail.com','203-005-2341','596 Volg St ','Apt 3D','Omaha, NE','USA','O+','Dyslexia','Jayden Siwa','Sibling','913-234-7486'),(88,'Neymar','Santos','1992-02-05','Male','Single','santosneymar5@gmail.com','347-637-3245','123 Score Lane','Apt 8C','Los Angeles, CA','USA','O-','No specific triggers','Davi Santos','Child','347-666-3210'),(89,'Adam','Sandler','1966-09-09','Male','Married','bigdada09@outlook.com','456-876-7890','457 145th St','Apt 4B','San Francisco, CA','USA','B+','No specific triggers','Jackie Sandler','Spouse','919-654-3210'),(90,'Sally','Mae','2001-01-08','Female','Single','smae@gmail.com','984-456-9026','2913 Frederick Douglass Blvd','Apt 2D','New York, NY','USA','O+','No specific triggers','Jamie Mae','Mother','502-524-3210'),(91,'Kim','Richards','1964-10-19','Female','Married','richardkim9@hotmail.com','347-456-4537','707 Saint Nicolas Ave','Apt 4B','New York, NY','USA','AB+','Obsessive compulsive disorder','Gregg Davis','Spouse','347-919-3210'),(92,'Fallou','Ndiaye','2000-01-15','Male','Single','bbndiaye@gmail.com','917-230-1120','320 Herberton Ave','Apt 2F','Durham, NC','USA','AB-','Despression','Fatou Ndiaye','Spouse','917-903-1366'),(93,'Moussa','Fall','1966-09-10','Male','Married','mrfall4902@yahoo.com','919-332-4090','2400 Blackwolf Run Ln','None','Raleigh, NC','USA','A-','Obessive-compulsive disorder','Aminata Keita','Spouse','919-332-4090'),(94,'Ndeye','Mbow','1991-12-05','Female','Single','touba23@gmail.com','301-333-333','756 Tallwood St','Apt 2C','Salisbury, MD','USA','O+','Depession','Fatou Sall','Mother','301-777-7755'),(95,'Sokhna','Mbacke','2000-01-19','Female','Single','sonmbacke1969@gmail.com','516-250-0215','15 Beekman St','Apt 6A','New York, NY','USA','B-','Asthma','Marie Fall','Sibling','984-218-9026'),(96,'Aminata','Keita','1969-11-22','Female','Married','aminatakeita2269@gmail.com','919-332-4090','2400 Blackwolf Run Ln','None','Raleigh, NC','USA','O+','No specific triggers','Moussa Fall','Spouse','919-903-1366'),(97,'Michael','Jordan','1987-02-09','Male','Single','mbj.jr@gmail.com','318-953-7890','123 Creed Dr','Apt 201','Granada, CA','USA','A+','No specific triggers','Jane Doe','Spouse','987-654-3210'),(98,'Dominique','Jones','1994-12-03','Male','Single','lilbaby@outlook.com','678-496-7757','27 Shore St.','Apt 5C','Atlanta, GA','USA','O-','Anxiety','Jayda Cheves','Spouse','678-561-3210'),(99,'Savannah','James','1986-08-27','Female','Married','jamesdesign@gmail.com','864-226-6908','153 Basketball Lane','None','Akron, OH','USA','B-','No specific triggers','Lebron James','Spouse','305-767-2226'),(100,'LeBron','James','1984-12-30','Male','Married','dagoat30@yahoo.com','305-767-2226','153 Basketball Lane','None','Akron, OH','USA','O+','Hypertophic Cardiomypathy','Savannah James','Spouse','864-226-6908');
/*!40000 ALTER TABLE `patients` ENABLE KEYS */;
UNLOCK TABLES;

--
-- Table structure for table `surgicalhistory`
--

DROP TABLE IF EXISTS `surgicalhistory`;
/*!40101 SET @saved_cs_client     = @@character_set_client */;
/*!50503 SET character_set_client = utf8mb4 */;
CREATE TABLE `surgicalhistory` (
  `PatientID` int NOT NULL AUTO_INCREMENT,
  `HasSurgery` enum('Yes','No') DEFAULT NULL,
  `SurgeryList` text,
  PRIMARY KEY (`PatientID`),
  CONSTRAINT `surgicalhistory_ibfk_1` FOREIGN KEY (`PatientID`) REFERENCES `patients` (`PatientID`)
) ENGINE=InnoDB AUTO_INCREMENT=100 DEFAULT CHARSET=utf8mb4 COLLATE=utf8mb4_0900_ai_ci;
/*!40101 SET character_set_client = @saved_cs_client */;

--
-- Dumping data for table `surgicalhistory`
--

LOCK TABLES `surgicalhistory` WRITE;
/*!40000 ALTER TABLE `surgicalhistory` DISABLE KEYS */;
INSERT INTO `surgicalhistory` VALUES (1,'Yes','Appendectomy, Tonsillectomy'),(2,'Yes','Endoscopy'),(3,'No',''),(4,'No',''),(5,'Yes',''),(6,'Yes','Coronary Bypass'),(7,'No',''),(8,'No',''),(9,'Yes','Appendectomy'),(10,'Yes','Wisdom teeth removed'),(11,'Yes','Gallbladder removal'),(12,'No','No'),(13,'Yes','Knee replacement, Appendectomy'),(14,'Yes','Hip replacement, Appendectomy'),(15,'No','None'),(16,'Yes','Gallbladder removal, Cataract surgery'),(17,'Yes','Knee replacement, Appendectomy'),(18,'Yes','Appendectomy, Tonsillectomy'),(19,'Yes','Knee replacement, Appendectomy'),(20,'Yes','Appendectomy, Gallbladder removal'),(21,'Yes','Knee replacement'),(22,'Yes','Knee replacement'),(23,'No','None'),(24,'Yes','Appendectomy'),(25,'Yes','Knee replacement, Appendectomy'),(26,'Yes','Appendectomy'),(27,'No','None'),(28,'No','None'),(29,'Yes','Gallbladder removal, Knee surgery'),(30,'Yes','Hip replacement, Tonsillectomy'),(31,'No','None'),(32,'Yes','Gallbladder removal, Appendectomy'),(33,'Yes','Appendectomy, Knee surgery'),(34,'Yes','Appendectomy, Tonsillectomy'),(35,'Yes','Knee surgery, Tonsillectomy'),(36,'No','None'),(37,'Yes','Appendectomy, Wisdom teeth removal'),(38,'No','None'),(39,'Yes','Appendectomy'),(40,'Yes','Cataract surgery, Hip replacement'),(41,'No','No'),(42,'Yes','Knee surgery, Tonsillectomy'),(43,'Yes','Gallbladder removal, Tonsillectomy'),(44,'Yes','Gallbladder removal, Knee surgery'),(45,'No','No'),(46,'Yes','Knee surgery, Gallbladder removal'),(47,'Yes','Appendectomy, Tonsillectomy'),(48,'Yes','Gallbladder removal, Knee surgery'),(49,'No','No'),(50,'Yes','Appendectomy, Tonsillectomy'),(51,'Yes','Appendectomy, Tonsillectomy'),(52,'Yes','Knee surgery, Tonsillectomy'),(53,'No','No'),(54,'Yes','Appendix removal'),(55,'No','No'),(56,'Yes','Gallbladder removal, Hip replacement'),(57,'Yes','Knee replacement, Appendectomy'),(58,'No','No'),(59,'No','No'),(60,'Yes','Appendectomy, Tonsillectomy'),(61,'No','No'),(62,'No','No'),(63,'Yes','Gallbladder removal, Tonsillectomy'),(64,'Yes','Gallbladder removal, Knee surgery'),(65,'Yes','Knee surgery, Gallbladder removal'),(66,'No','No'),(67,'Yes','Gallbladder removal, Tonsillectomy'),(68,'Yes','Gallbladder removal, Knee surgery'),(69,'Yes','Appendectomy, Tonsillectomy'),(70,'Yes','Knee surgery, Gallbladder removal'),(71,'No',''),(72,'Yes','Appendectomy'),(73,'Yes','Hip arthroscopy, ACL reconstruction'),(74,'No',''),(75,'No',''),(76,'No',''),(77,'Yes','Total knee arthroplasty'),(78,'Yes','Liposuction, Rhinoplasty, Breast augmentation'),(79,'Yes','Cataract'),(80,'No',''),(81,'Yes','Gastric Bypass, Tubal ligation'),(82,'Yes','Tonsillectomy'),(83,'No',''),(84,'No',''),(85,'Yes','Spinal fusion'),(86,'No',''),(87,'Yes','Repair anterior cruciate ligament, Repair meniscus, Ankle arthroscopy'),(88,'Yes','Tonsillectomy'),(89,'No',''),(90,'Yes','Hernia repair, Hysterectomy'),(91,'No',''),(92,'No',''),(93,'Yes','Liposuction'),(94,'No',''),(95,'Yes','Appendectomy'),(96,'No',''),(97,'No',''),(98,'Yes','Septoplasty, Rhinoplasty'),(99,'Yes','Achilles tendon repair, Morton Neuroma');
/*!40000 ALTER TABLE `surgicalhistory` ENABLE KEYS */;
UNLOCK TABLES;

--
-- Table structure for table `vaccinations`
--

DROP TABLE IF EXISTS `vaccinations`;
/*!40101 SET @saved_cs_client     = @@character_set_client */;
/*!50503 SET character_set_client = utf8mb4 */;
CREATE TABLE `vaccinations` (
  `PatientID` int NOT NULL AUTO_INCREMENT,
  `HPV` enum('Yes','No','Unknown') DEFAULT NULL,
  `Tetanus` enum('Yes','No','Unknown') DEFAULT NULL,
  `HepatitisA` enum('Yes','No','Unknown') DEFAULT NULL,
  `HepatitisB` enum('Yes','No','Unknown') DEFAULT NULL,
  `Influenza` enum('Yes','No','Unknown') DEFAULT NULL,
  `Pneumonia` enum('Yes','No','Unknown') DEFAULT NULL,
  `Chickenpox` enum('Yes','No','Unknown') DEFAULT NULL,
  `Shingles` enum('Yes','No','Unknown') DEFAULT NULL,
  `Meningitis` enum('Yes','No','Unknown') DEFAULT NULL,
  `Tuberculosis` enum('Yes','No','Unknown') DEFAULT NULL,
  `MMR` enum('Yes','No','Unknown') DEFAULT NULL,
  PRIMARY KEY (`PatientID`),
  CONSTRAINT `vaccinations_ibfk_1` FOREIGN KEY (`PatientID`) REFERENCES `patients` (`PatientID`)
) ENGINE=InnoDB AUTO_INCREMENT=101 DEFAULT CHARSET=utf8mb4 COLLATE=utf8mb4_0900_ai_ci;
/*!40101 SET character_set_client = @saved_cs_client */;

--
-- Dumping data for table `vaccinations`
--

LOCK TABLES `vaccinations` WRITE;
/*!40000 ALTER TABLE `vaccinations` DISABLE KEYS */;
INSERT INTO `vaccinations` VALUES (1,'No','Yes','No','Yes','No','Yes','No','No','No','Yes','Unknown'),(2,'Yes','Yes','Yes','Yes','Yes','Yes','Yes','Yes','Yes','Yes','Yes'),(3,'Yes','Yes','Yes','Yes','Yes','Yes','Yes','Yes','Yes','No','Yes'),(4,'Yes','Yes','Yes','Yes','No','Yes','No','Yes','Yes','No','Yes'),(5,'Yes','No','Yes','Yes','Yes','Yes','Yes','Yes','Yes','Yes','Yes'),(6,'Yes','No','Yes','Yes','Yes','Yes','Yes','No','Yes','Yes','Yes'),(7,'Yes','No','Yes','Yes','No','No','No','No','No','No','No'),(8,'No','No','No','No','Yes','No','No','No','No','No','No'),(9,'Yes','No','No','No','Yes','No','No','Yes','No','Yes','No'),(10,'Yes','Yes','Yes','Yes','Yes','Yes','Yes','Yes','Yes','Yes','Yes'),(11,'Yes','Yes','No','Unknown','No','Yes','Yes','Unknown','Yes','Unknown','No'),(12,'No','Yes','Unknown','Yes','No','Yes','No','Yes','Yes','No','Unknown'),(13,'Yes','No','Yes','Unknown','Yes','No','Unknown','Yes','Unknown','Yes','Yes'),(14,'No','Yes','No','No','Yes','Yes','Yes','No','No','Yes','No'),(15,'Yes','Yes','Unknown','Yes','Yes','No','Yes','Yes','No','No','Yes'),(16,'Yes','Yes','No','Yes','No','Unknown','Yes','No','Unknown','Yes','No'),(17,'Yes','No','Yes','Unknown','Yes','No','Unknown','Yes','Unknown','Yes','Yes'),(18,'No','Yes','Yes','No','Yes','Unknown','Yes','No','Unknown','Yes','Yes'),(19,'Yes','No','Yes','Unknown','Yes','No','Unknown','Yes','Unknown','Yes','Yes'),(20,'No','Yes','No','Unknown','Yes','Yes','Yes','No','Yes','No','Unknown'),(21,'No','Yes','Yes','Unknown','Yes','Yes','No','No','No','Yes','Yes'),(22,'No','Yes','Yes','Unknown','Yes','No','No','No','No','Yes','Yes'),(23,'Yes','No','Yes','Unknown','Yes','Yes','Yes','No','No','No','Unknown'),(24,'Yes','Yes','Yes','Unknown','Yes','No','Unknown','Yes','Unknown','Yes','Yes'),(25,'Yes','Yes','No','Unknown','No','Yes','No','No','Yes','Yes','Yes'),(26,'Yes','No','Yes','Unknown','Yes','No','Unknown','Yes','Unknown','Yes','Yes'),(27,'No','Yes','No','Unknown','Yes','Yes','Yes','No','Yes','No','Unknown'),(28,'Yes','Yes','Unknown','Yes','Yes','No','Yes','No','No','Yes','Yes'),(29,'Yes','Yes','No','Unknown','Yes','No','Unknown','Yes','Unknown','Yes','Yes'),(30,'Yes','Yes','Unknown','Yes','No','Yes','No','Yes','Unknown','Yes','Yes'),(31,'No','Yes','Yes','No','Yes','No','Unknown','Yes','No','Yes','Yes'),(32,'Yes','No','Yes','Unknown','Yes','Yes','No','No','Unknown','Yes','Yes'),(33,'Yes','Yes','Unknown','Yes','Yes','No','Yes','Yes','No','No','Yes'),(34,'Yes','Yes','No','Unknown','Yes','No','Unknown','Yes','Unknown','Yes','Yes'),(35,'Yes','Yes','No','Yes','Unknown','Yes','Yes','No','No','Yes','Yes'),(36,'No','Yes','Unknown','Yes','Yes','No','Yes','No','Unknown','Yes','Yes'),(37,'Yes','Yes','Yes','No','Yes','No','Yes','Unknown','Yes','No','Unknown'),(38,'No','Yes','Unknown','Yes','No','Yes','No','Yes','Yes','No','Unknown'),(39,'Yes','Unknown','Yes','Yes','Yes','No','No','No','Unknown','Yes','Yes'),(40,'Unknown','No','Yes','No','Yes','Unknown','No','Yes','Yes','Yes','Unknown'),(41,'No','Yes','No','Yes','No','Yes','No','Yes','No','Yes','Unknown'),(42,'Yes','Yes','Yes','No','No','Yes','No','Yes','No','Yes','Yes'),(43,'No','Yes','No','Yes','No','Yes','No','Yes','Yes','Yes','No'),(44,'Yes','Yes','Yes','No','Yes','Yes','No','Yes','No','No','Yes'),(45,'No','Yes','No','Yes','No','Yes','No','No','Yes','Yes','Yes'),(46,'No','Yes','No','Yes','Yes','No','Yes','No','No','Yes','No'),(47,'Yes','Yes','No','Yes','No','Yes','No','Yes','Yes','No','Yes'),(48,'No','Yes','No','Yes','No','Yes','No','No','No','Yes','No'),(49,'Yes','Yes','Yes','No','Yes','No','No','Yes','No','Yes','Yes'),(50,'No','Yes','No','Yes','No','Yes','No','Yes','No','Yes','Unknown'),(51,'Yes','Yes','No','Yes','Yes','No','No','Yes','No','Yes','Yes'),(52,'No','Yes','No','Yes','Yes','No','Yes','No','No','Yes','No'),(53,'Yes','No','Yes','Yes','No','Yes','No','Yes','No','No','Yes'),(54,'Yes','Yes','Yes','No','No','Yes','Yes','No','No','Yes','No'),(55,'No','Yes','No','Yes','No','Yes','No','Yes','No','No','Yes'),(56,'Yes','Yes','No','Yes','Yes','No','No','Yes','Yes','No','Yes'),(57,'No','Yes','No','Yes','No','Yes','No','No','No','Yes','Unknown'),(58,'Yes','No','Yes','No','Yes','No','Yes','No','No','Yes','No'),(59,'No','Yes','No','Yes','No','Yes','No','No','No','Yes','Unknown'),(60,'No','Yes','No','Yes','No','Yes','No','No','No','Yes','Unknown'),(61,'No','Yes','No','Yes','No','Yes','No','No','No','Yes','Unknown'),(62,'No','Yes','Yes','Yes','Yes','No','Yes','No','No','No','No'),(63,'Yes','Yes','No','Yes','Yes','No','No','Yes','No','No','Yes'),(64,'Yes','Yes','No','Yes','Yes','No','Yes','No','No','No','Yes'),(65,'Yes','Yes','Yes','No','Yes','No','No','Yes','Yes','Yes','Yes'),(66,'No','Yes','No','Yes','No','Yes','No','No','Yes','No','Yes'),(67,'Yes','Yes','No','Yes','Yes','No','No','Yes','No','Yes','No'),(68,'Yes','Yes','No','Yes','Yes','No','Yes','No','Yes','Yes','No'),(69,'No','Yes','Yes','No','Yes','No','No','Yes','No','Yes','Yes'),(70,'Yes','No','Yes','Yes','No','Yes','Yes','No','No','Yes','No'),(71,'Unknown','Yes','Yes','Yes','Yes','Yes','Yes','Yes','Yes','Yes','Unknown'),(72,'Yes','Yes','Yes','Yes','Yes','Yes','Yes','Yes','Yes','Yes','Yes'),(73,'No','Yes','Yes','Yes','Yes','Yes','Yes','Yes','No','Yes','Yes'),(74,'Yes','Yes','Yes','Yes','Yes','Yes','No','No','Yes','No','No'),(75,'Yes','Yes','Yes','Yes','Yes','Yes','Yes','Yes','Yes','Yes','Yes'),(76,'Yes','Yes','Yes','Yes','Yes','Yes','Yes','Yes','Yes','Yes','Yes'),(77,'No','Yes','No','Yes','Yes','Yes','Yes','Yes','Yes','Yes','Yes'),(78,'Yes','Yes','Yes','Yes','Yes','Yes','Yes','Yes','Yes','Yes','Yes'),(79,'Yes','Yes','Yes','Yes','Yes','Yes','Yes','Yes','Yes','Yes','Yes'),(80,'Yes','Yes','Yes','Yes','Yes','Yes','Yes','Yes','Yes','Yes','Yes'),(81,'Yes','Yes','No','Yes','No','Yes','Unknown','No','No','Yes','Unknown'),(82,'Yes','Yes','Yes','Yes','Yes','Yes','Yes','Yes','Yes','Yes','Yes'),(83,'Yes','Yes','Unknown','Yes','Yes','Yes','Yes','Yes','No','Yes','Unknown'),(84,'Yes','Yes','Yes','Yes','No','Yes','No','Yes','Yes','Yes','No'),(85,'Unknown','Unknown','Unknown','Yes','Yes','Yes','Yes','Yes','Yes','Unknown','Unknown'),(86,'Yes','Yes','Yes','Yes','Yes','Yes','Yes','Yes','Yes','Yes','Yes'),(87,'Yes','Yes','Yes','Yes','Yes','Yes','Yes','Yes','Yes','No','Yes'),(88,'Yes','Yes','Yes','Yes','Yes','Yes','Yes','Yes','Yes','Yes','Yes'),(89,'No','No','No','Yes','No','Yes','No','No','No','Yes','Yes'),(90,'Yes','Yes','Yes','Yes','Yes','Yes','Yes','Yes','Yes','Yes','Yes'),(91,'No','No','Unknown','Yes','No','Yes','No','No','No','Yes','Yes'),(92,'Yes','Yes','Yes','Yes','Yes','Yes','Yes','Yes','Yes','Yes','Yes'),(93,'Yes','Yes','Yes','Yes','Unknown','Yes','Yes','Yes','Yes','Yes','Yes'),(94,'No','No','No','No','No','No','No','No','No','No','No'),(95,'Unknown','Unknown','Unknown','Yes','No','Unknown','No','Unknown','No','Yes','Unknown'),(96,'No','Unknown','Yes','Yes','Yes','Yes','Yes','Yes','No','Yes','Unknown'),(97,'Yes','Yes','Yes','Yes','Yes','Yes','Unknown','Yes','Yes','Yes','No'),(98,'Unknown','Unknown','No','Yes','No','Yes','Unknown','Unknown','No','Yes','Unknown'),(99,'Yes','Yes','Yes','Yes','Yes','Yes','Yes','Yes','Yes','Unknown','Unknown'),(100,'Yes','Yes','Yes','Yes','Yes','Yes','Yes','Yes','Yes','Yes','Yes');
/*!40000 ALTER TABLE `vaccinations` ENABLE KEYS */;
UNLOCK TABLES;
/*!40103 SET TIME_ZONE=@OLD_TIME_ZONE */;

/*!40101 SET SQL_MODE=@OLD_SQL_MODE */;
/*!40014 SET FOREIGN_KEY_CHECKS=@OLD_FOREIGN_KEY_CHECKS */;
/*!40014 SET UNIQUE_CHECKS=@OLD_UNIQUE_CHECKS */;
/*!40101 SET CHARACTER_SET_CLIENT=@OLD_CHARACTER_SET_CLIENT */;
/*!40101 SET CHARACTER_SET_RESULTS=@OLD_CHARACTER_SET_RESULTS */;
/*!40101 SET COLLATION_CONNECTION=@OLD_COLLATION_CONNECTION */;
/*!40111 SET SQL_NOTES=@OLD_SQL_NOTES */;

-- Dump completed on 2023-12-14 11:54:20
